"orderid","orderdate","receiveddate","quantity","cost","shippingcost","animal.animalid","animal.name","animal.category","animal.breed","animal.dateborn","animal.gender","animal.registered","animal.color","animal.listprice","merchandise.merchandiseid","merchandise.description","merchandise.quantityonhand","merchandise.listprice","merchandise.category","supplier.supplierid","supplier.name","supplier.contactname","supplier.phone","supplier.address","supplier.city","supplier.state","supplier.zipcode"
1,"2004-01-04","",1,2.75,39.68,13,"","Fish","Tetra","2004-03-01","Male","","Red",12,,"",,,"",6,"Mason","Whitney","307-645-4066","5230 Pleasant Valley Drive","Cheyenne","WY","82001"
2,"2004-01-04","",1,56.15,39.68,187,"Martha","Dog","Poodle","2004-05-15","Female","","White",133.65,,"",,,"",6,"Mason","Whitney","307-645-4066","5230 Pleasant Valley Drive","Cheyenne","WY","82001"
3,"2004-01-04","",1,88.53,40.57,52,"Buck","Dog","St Bernard","2004-01-01","Male","AKC","Brown/White",231.44,,"",,,"",12,"Love","David","606-282-6165","5745 Mud River Valley Road","Harrodsburg","KY","40330"
4,"2004-01-04","",1,122.14,40.57,49,"Martha","Cat","Korat","2004-03-16","Female","","Gray/Blue",218.95,,"",,,"",12,"Love","David","606-282-6165","5745 Mud River Valley Road","Harrodsburg","KY","40330"
5,"2004-01-04","",1,128.39,40.57,77,"Damon","Cat","Bombay","2004-01-17","Male","CFA","Black",178.16,,"",,,"",12,"Love","David","606-282-6165","5745 Mud River Valley Road","Harrodsburg","KY","40330"
6,"2004-01-04","",1,138.2,39.68,160,"Rufus","Dog","Cocker Spaniel","2004-01-02","Male","AKC","Yellow",176.79,,"",,,"",6,"Mason","Whitney","307-645-4066","5230 Pleasant Valley Drive","Cheyenne","WY","82001"
7,"2004-01-04","",1,147.99,40.57,81,"","Bird","Canary","2004-07-29","Female","","Yellow",229.44,,"",,,"",12,"Love","David","606-282-6165","5745 Mud River Valley Road","Harrodsburg","KY","40330"
8,"2004-01-04","",1,149.28,40.57,55,"Alice","Dog","Cairn Terrier","2004-01-03","Female","AKC","Gray/Blue",204.72,,"",,,"",12,"Love","David","606-282-6165","5745 Mud River Valley Road","Harrodsburg","KY","40330"
9,"2004-01-04","",1,156.34,40.57,66,"Seth","Cat","Russian Blue","2004-01-09","Male","CFA","Gray/Blue",275.1,,"",,,"",12,"Love","David","606-282-6165","5745 Mud River Valley Road","Harrodsburg","KY","40330"
10,"2004-01-04","",1,163.1,40.57,138,"Owen","Cat","Japanese Bobtail","2004-05-21","Male","CFA","White",232.46,,"",,,"",12,"Love","David","606-282-6165","5745 Mud River Valley Road","Harrodsburg","KY","40330"
11,"2004-01-04","",1,200.48,39.68,101,"Bessie","Dog","Australian Shepherd","2004-01-03","Female","AKC","White/Brown",216.1,,"",,,"",6,"Mason","Whitney","307-645-4066","5230 Pleasant Valley Drive","Cheyenne","WY","82001"
12,"2004-01-10","",1,28.84,53.22,179,"Cassy","Dog","Keeshond","2004-01-05","Female","AKC","Red",139.61,,"",,,"",4,"Frost","Kaye","606-630-0346","7049 Carrington Road","Middlesboro","KY","40965"
13,"2004-01-10","",1,57.39,53.22,185,"Ricardo","Dog","Airedale","2004-06-21","Male","AKC","Gray",164.14,,"",,,"",4,"Frost","Kaye","606-630-0346","7049 Carrington Road","Middlesboro","KY","40965"
14,"2004-01-10","",1,125.24,53.22,177,"Jennifer","Dog","Siberian Huskie","2004-04-23","Female","AKC","White",205.75,,"",,,"",4,"Frost","Kaye","606-630-0346","7049 Carrington Road","Middlesboro","KY","40965"
15,"2004-01-11","",1,35.81,43.27,146,"Kevin","Cat","Siamese","2004-03-24","Male","CFA","White",93.07,,"",,,"",7,"Lamb","Malcolm","502-787-8033","4379 Greensburg Street","Newburg","KY","40218"
16,"2004-01-11","",1,69.56,43.27,104,"Julie","Cat","Longhair","2004-02-18","Female","CFA","Yellow",180.38,,"",,,"",7,"Lamb","Malcolm","502-787-8033","4379 Greensburg Street","Newburg","KY","40218"
17,"2004-01-11","",1,110.2,43.27,58,"Curtis","Bird","Parakeet","2004-04-28","Male","","Gold/Red",146.87,,"",,,"",7,"Lamb","Malcolm","502-787-8033","4379 Greensburg Street","Newburg","KY","40218"
18,"2004-01-11","",1,123.84,43.27,16,"Lisa","Dog","Great Pyrenees","2004-01-05","Female","AKC","Brown",274.35,,"",,,"",7,"Lamb","Malcolm","502-787-8033","4379 Greensburg Street","Newburg","KY","40218"
19,"2004-01-11","",1,139.09,43.27,67,"Ara","Cat","Manx","2004-01-29","Male","CFA","White",179.05,,"",,,"",7,"Lamb","Malcolm","502-787-8033","4379 Greensburg Street","Newburg","KY","40218"
20,"2004-01-13","2004-02-18",1,32.37,52.36,134,"","Reptile","Gila Monster","2004-02-08","Male","","Brown",182.36,,"",,,"",11,"Parrish","Mandy","606-033-1460","9641 Elm Street","Danville","KY","40422"
21,"2004-01-13","2004-02-18",1,68.75,52.36,41,"Claudia","Dog","Boston Terrier","2004-01-05","Female","AKC","Black",179.92,,"",,,"",11,"Parrish","Mandy","606-033-1460","9641 Elm Street","Danville","KY","40422"
22,"2004-01-13","2004-02-18",1,124.84,52.36,164,"Ruby","Bird","Parakeet","2004-01-19","Female","","Red",253.43,,"",,,"",11,"Parrish","Mandy","606-033-1460","9641 Elm Street","Danville","KY","40422"
23,"2004-01-13","2004-02-18",1,142.25,52.36,94,"Jean","Dog","Siberian Huskie","2004-07-01","Female","AKC","White/Brown",223.38,,"",,,"",11,"Parrish","Mandy","606-033-1460","9641 Elm Street","Danville","KY","40422"
24,"2004-01-15","2004-03-14",1,8.09,46.19,5,"","Fish","Shark","2004-01-01","Female","","Gray",22,,"",,,"",3,"Murphy","Faye","402-477-9061","4218 Industrial Drive","Omaha","NE","68108"
25,"2004-01-15","2004-03-14",1,36.76,46.19,116,"","Bird","Parrot","2004-06-01","Male","","Blue/Gold",133.01,,"",,,"",3,"Murphy","Faye","402-477-9061","4218 Industrial Drive","Omaha","NE","68108"
26,"2004-01-15","2004-03-14",1,59.17,46.19,183,"","Spider","Scorpion","2004-02-02","Male","","Black",127,,"",,,"",3,"Murphy","Faye","402-477-9061","4218 Industrial Drive","Omaha","NE","68108"
27,"2004-01-15","2004-03-14",1,104.9,46.19,39,"Doris","Dog","Rottweiler","2004-03-27","Female","AKC","Red",211.28,,"",,,"",3,"Murphy","Faye","402-477-9061","4218 Industrial Drive","Omaha","NE","68108"
28,"2004-01-15","2004-03-14",1,120.08,46.19,78,"Hunter","Dog","Great Dane","2004-01-02","Male","AKC","Brown",215.74,,"",,,"",3,"Murphy","Faye","402-477-9061","4218 Industrial Drive","Omaha","NE","68108"
29,"2004-01-20","2004-03-04",1,61.9,45.14,150,"Brian","Dog","Norfolk Terrier","2004-01-03","Male","AKC","Yellow",168.8,,"",,,"",7,"Lamb","Malcolm","502-787-8033","4379 Greensburg Street","Newburg","KY","40218"
30,"2004-01-20","2004-03-04",1,94,45.14,45,"Bernard","Cat","American Shorthair","2004-08-08","Male","CFA","Gray",182.77,,"",,,"",7,"Lamb","Malcolm","502-787-8033","4379 Greensburg Street","Newburg","KY","40218"
31,"2004-01-20","2004-03-04",1,104.94,45.14,85,"Dwight","Dog","Dachshund","2004-03-03","Male","AKC","Brown",178.64,,"",,,"",7,"Lamb","Malcolm","502-787-8033","4379 Greensburg Street","Newburg","KY","40218"
32,"2004-01-20","2004-03-04",1,108.39,45.14,175,"Donald","Cat","Canadian Hairless","2004-07-09","Male","CFA","Brown",193.14,,"",,,"",7,"Lamb","Malcolm","502-787-8033","4379 Greensburg Street","Newburg","KY","40218"
33,"2004-01-20","2004-03-04",1,227.47,45.14,186,"Francis","Dog","Chinese Shar Pei","2004-01-29","Female","AKC","Brown",240.4,,"",,,"",7,"Lamb","Malcolm","502-787-8033","4379 Greensburg Street","Newburg","KY","40218"
34,"2004-01-21","2004-03-16",1,64.76,40.73,162,"Basil","Cat","Japanese Bobtail","2004-05-08","Male","CFA","Red",133.19,,"",,,"",8,"Roberts","Jody","907-797-6770","527 Mud River Valley Road","Anchorage","AK","99502"
35,"2004-01-21","2004-03-16",1,75.4,40.73,188,"Angela","Dog","Chow Chow","2004-06-26","Female","AKC","Yellow",234.97,,"",,,"",8,"Roberts","Jody","907-797-6770","527 Mud River Valley Road","Anchorage","AK","99502"
36,"2004-01-21","2004-03-16",1,90.8,40.73,20,"Buck","Cat","Bombay","2004-04-30","Male","CFA","Black",213.18,,"",,,"",8,"Roberts","Jody","907-797-6770","527 Mud River Valley Road","Anchorage","AK","99502"
37,"2004-01-21","2004-03-16",1,91.3,40.73,93,"Trina","Dog","Greyhound","2004-01-05","Female","AKC","Gray",143.07,,"",,,"",8,"Roberts","Jody","907-797-6770","527 Mud River Valley Road","Anchorage","AK","99502"
38,"2004-01-21","2004-03-16",1,102.15,40.73,191,"Cassy","Dog","Collie","2004-02-13","Female","AKC","Brown/White",233.43,,"",,,"",8,"Roberts","Jody","907-797-6770","527 Mud River Valley Road","Anchorage","AK","99502"
39,"2004-01-21","2004-03-16",1,115.98,40.73,153,"Owen","Cat","Manx","2004-06-28","Male","","Yellow",234.54,,"",,,"",8,"Roberts","Jody","907-797-6770","527 Mud River Valley Road","Anchorage","AK","99502"
40,"2004-01-21","2004-03-16",1,124.29,40.73,63,"Sandy","Cat","Persian","2004-02-19","Female","CFA","White",191.27,,"",,,"",8,"Roberts","Jody","907-797-6770","527 Mud River Valley Road","Anchorage","AK","99502"
41,"2004-01-21","2004-03-16",1,165.04,40.73,70,"Chris","Dog","Akita","2004-02-08","Male","","White/Black",206.57,,"",,,"",8,"Roberts","Jody","907-797-6770","527 Mud River Valley Road","Anchorage","AK","99502"
42,"2004-01-22","",1,69.13,54.09,97,"Ernest","Dog","Dachshund","2004-01-21","Male","AKC","Black",141.95,,"",,,"",3,"Murphy","Faye","402-477-9061","4218 Industrial Drive","Omaha","NE","68108"
43,"2004-01-22","",1,120.77,54.09,84,"Patricia","Cat","Angora","2004-02-26","Female","","White",294.26,,"",,,"",3,"Murphy","Faye","402-477-9061","4218 Industrial Drive","Omaha","NE","68108"
44,"2004-01-23","",1,59.06,53.73,42,"Lloyd","Dog","Bassett Hound","2004-05-19","Male","AKC","Brown/Black",193.63,,"",,,"",11,"Parrish","Mandy","606-033-1460","9641 Elm Street","Danville","KY","40422"
45,"2004-01-23","",1,79.23,53.73,89,"Ben","Dog","German Shepherd","2004-01-10","Male","","Black/White",153.94,,"",,,"",11,"Parrish","Mandy","606-033-1460","9641 Elm Street","Danville","KY","40422"
46,"2004-01-23","",1,128.79,53.73,178,"Leisha","Dog","Scottish Terrier","2004-05-26","Female","AKC","Gray",164.63,,"",,,"",11,"Parrish","Mandy","606-033-1460","9641 Elm Street","Danville","KY","40422"
47,"2004-01-23","",1,146.84,53.73,190,"Wendell","Dog","Minature Pinschers","2004-03-30","Male","AKC","Red",163.6,,"",,,"",11,"Parrish","Mandy","606-033-1460","9641 Elm Street","Danville","KY","40422"
48,"2004-01-23","",1,150.12,53.73,172,"Jackie","Dog","Boston Terrier","2004-08-13","Female","AKC","Gray",242.28,,"",,,"",11,"Parrish","Mandy","606-033-1460","9641 Elm Street","Danville","KY","40422"
49,"2004-01-27","",1,48.66,50.49,166,"Katy","Cat","Japanese Bobtail","2004-03-25","Female","CFA","Yellow",163.72,,"",,,"",9,"Dillard","George","803-448-2061","9713 Wildwood Street","Columbia","SC","29201"
50,"2004-01-27","",1,68.87,50.49,75,"Ella","Dog","Chinese Shar Pei","2004-02-08","Female","AKC","Brown",131.83,,"",,,"",9,"Dillard","George","803-448-2061","9713 Wildwood Street","Columbia","SC","29201"
51,"2004-01-27","",1,129.41,50.49,155,"Stephen","Cat","Siamese","2004-02-28","Male","","White",222.93,,"",,,"",9,"Dillard","George","803-448-2061","9713 Wildwood Street","Columbia","SC","29201"
52,"2004-01-27","",1,130.89,50.49,46,"Lou Ann","Dog","Chinese Shar Pei","2004-01-08","Female","","Gold",254.85,,"",,,"",9,"Dillard","George","803-448-2061","9713 Wildwood Street","Columbia","SC","29201"
53,"2004-01-27","",1,141.03,50.49,193,"Kevin","Cat","Sphynx","2004-09-20","Male","CFA","Yellow",240.05,,"",,,"",9,"Dillard","George","803-448-2061","9713 Wildwood Street","Columbia","SC","29201"
54,"2004-01-28","2004-04-22",1,32.96,61.02,21,"Debbie","Bird","Cockatiel","2004-01-14","Female","","Blue",177.88,,"",,,"",3,"Murphy","Faye","402-477-9061","4218 Industrial Drive","Omaha","NE","68108"
55,"2004-01-28","2004-04-22",1,47.38,61.02,88,"Brandy","Dog","Cocker Spaniel","2004-07-09","Female","AKC","Brown",189.06,,"",,,"",3,"Murphy","Faye","402-477-9061","4218 Industrial Drive","Omaha","NE","68108"
56,"2004-01-28","2004-04-22",1,62.41,61.02,80,"Oakley","Dog","Jack Russell Terrier","2004-08-09","Female","AKC","Brown/White",84.45,,"",,,"",3,"Murphy","Faye","402-477-9061","4218 Industrial Drive","Omaha","NE","68108"
57,"2004-01-28","2004-04-22",1,71.91,61.02,127,"Beth","Cat","British Blue","2004-01-09","Female","CFA","Gray/Blue",195.72,,"",,,"",3,"Murphy","Faye","402-477-9061","4218 Industrial Drive","Omaha","NE","68108"
58,"2004-01-28","2004-04-22",1,72.19,61.02,92,"Terry","Bird","Lovebird","2004-02-04","Male","","White",180.16,,"",,,"",3,"Murphy","Faye","402-477-9061","4218 Industrial Drive","Omaha","NE","68108"
59,"2004-01-28","2004-04-22",1,202.76,61.02,170,"Sarah","Dog","Poodle","2004-03-15","Female","AKC","White",250.81,,"",,,"",3,"Murphy","Faye","402-477-9061","4218 Industrial Drive","Omaha","NE","68108"
60,"2004-01-29","",1,41.45,49.07,135,"","Mammal","Ferret","2004-07-24","Female","","Brown",125.23,,"",,,"",4,"Frost","Kaye","606-630-0346","7049 Carrington Road","Middlesboro","KY","40965"
61,"2004-01-29","",1,47.47,49.07,112,"Elizabeth","Cat","Persian","2004-01-15","Female","CFA","Gray",145.33,,"",,,"",4,"Frost","Kaye","606-630-0346","7049 Carrington Road","Middlesboro","KY","40965"
62,"2004-01-29","",1,49.33,49.07,33,"Kent","Dog","Poodle-Toy","2004-05-30","Male","AKC","Gray/Blue",122.36,,"",,,"",4,"Frost","Kaye","606-630-0346","7049 Carrington Road","Middlesboro","KY","40965"
63,"2004-01-29","",1,67.6,49.07,74,"Gina","Dog","Lhasa Apso","2004-01-25","Female","AKC","Brown/White",128.08,,"",,,"",4,"Frost","Kaye","606-630-0346","7049 Carrington Road","Middlesboro","KY","40965"
64,"2004-01-29","",1,78.04,49.07,91,"Russell","Dog","Pit Bull","2004-05-23","Male","AKC","Brown",171.59,,"",,,"",4,"Frost","Kaye","606-630-0346","7049 Carrington Road","Middlesboro","KY","40965"
65,"2004-01-29","",1,105.91,49.07,141,"MaryJo","Dog","Pit Bull","2004-06-22","Female","AKC","Brown",234.51,,"",,,"",4,"Frost","Kaye","606-630-0346","7049 Carrington Road","Middlesboro","KY","40965"
66,"2004-01-29","",1,120.73,49.07,165,"Julie","Dog","Dalmation","2004-08-28","Female","AKC","Spotted",172.37,,"",,,"",4,"Frost","Kaye","606-630-0346","7049 Carrington Road","Middlesboro","KY","40965"
67,"2004-01-29","",1,155.81,49.07,119,"DuJuan","Reptile","Boa Constrictor","2004-04-26","Male","","Brown/Gold",202.56,,"",,,"",4,"Frost","Kaye","606-630-0346","7049 Carrington Road","Middlesboro","KY","40965"
68,"2004-01-29","",1,158.03,49.07,96,"Stan","Cat","Sphynx","2004-01-01","Male","CFA","Black",241.67,,"",,,"",4,"Frost","Kaye","606-630-0346","7049 Carrington Road","Middlesboro","KY","40965"
69,"2004-01-30","2004-06-19",1,32.89,61.46,57,"Darcy","Dog","Akita","2004-01-02","Male","AKC","White/Black",237.1,,"",,,"",7,"Lamb","Malcolm","502-787-8033","4379 Greensburg Street","Newburg","KY","40218"
70,"2004-01-30","2004-06-19",1,91.76,61.46,95,"Ashley","Cat","Sphynx","2004-01-25","Female","CFA","White",183.48,,"",,,"",7,"Lamb","Malcolm","502-787-8033","4379 Greensburg Street","Newburg","KY","40218"
71,"2004-01-30","2004-06-19",1,200.53,61.46,176,"DuJuan","Dog","Coon Hound","2004-05-14","Male","AKC","Brown",295.28,,"",,,"",7,"Lamb","Malcolm","502-787-8033","4379 Greensburg Street","Newburg","KY","40218"
72,"2004-01-30","2004-08-31",1,34.25,50.81,27,"","Reptile","Gila Monster","2004-03-11","Male","","Green",192.08,,"",,,"",2,"Fugate","Jody","615-625-9479","787 Park Street","Springfield","TN","37172"
73,"2004-01-30","2004-08-31",1,51.01,50.81,126,"Pierre","Cat","Maine Coon","2004-04-11","Male","CFA","Brown/Yellow",189.27,,"",,,"",2,"Fugate","Jody","615-625-9479","787 Park Street","Springfield","TN","37172"
74,"2004-01-30","2004-08-31",1,74.65,50.81,30,"Golda","Dog","Bloodhound","2004-01-06","Female","AKC","Brown",187.62,,"",,,"",2,"Fugate","Jody","615-625-9479","787 Park Street","Springfield","TN","37172"
75,"2004-01-30","2004-08-31",1,89.52,50.81,200,"Brandy","Dog","Mastiff","2004-08-01","Female","AKC","Brown",120.36,,"",,,"",2,"Fugate","Jody","615-625-9479","787 Park Street","Springfield","TN","37172"
76,"2004-01-30","2004-08-31",1,127.91,50.81,171,"Glen","Dog","Chihuahua","2004-04-18","Male","AKC","Yellow",232.26,,"",,,"",2,"Fugate","Jody","615-625-9479","787 Park Street","Springfield","TN","37172"
77,"2004-01-30","2004-08-31",1,153.74,50.81,79,"","Bird","Cockatiel","2004-02-26","Male","","Brown/Blue",224.47,,"",,,"",2,"Fugate","Jody","615-625-9479","787 Park Street","Springfield","TN","37172"
78,"2004-02-02","",1,30.59,51.55,199,"Herbert","Cat","Abyssinian","2004-01-23","Male","CFA","White",163.73,,"",,,"",6,"Mason","Whitney","307-645-4066","5230 Pleasant Valley Drive","Cheyenne","WY","82001"
79,"2004-02-02","",1,83.74,51.55,106,"Taylor","Cat","Oriental Shorthair","2004-02-21","Male","CFA","Yellow/Black",220.94,,"",,,"",6,"Mason","Whitney","307-645-4066","5230 Pleasant Valley Drive","Cheyenne","WY","82001"
80,"2004-02-02","",1,103.65,51.55,7,"Eugene","Cat","Bombay","2004-01-25","Male","CFA","Black",279.54,,"",,,"",6,"Mason","Whitney","307-645-4066","5230 Pleasant Valley Drive","Cheyenne","WY","82001"
81,"2004-02-04","",48,17.97,29.94,,"","","","","","","",,19,"Cat Litter-10 pound",128,8,"Cat",14,"Harrison","Angela","606-121-7621","8558 N. Main Street","Fort Thomas","KY","41075"
82,"2004-02-04","",331,5.68,29.94,,"","","","","","","",,19,"Cat Litter-10 pound",128,8,"Cat",14,"Harrison","Angela","606-121-7621","8558 N. Main Street","Fort Thomas","KY","41075"
83,"2004-02-05","2004-03-31",1,33.74,44.33,174,"Lisa","Dog","Doberman","2004-02-24","Female","AKC","Brown",184.95,,"",,,"",4,"Frost","Kaye","606-630-0346","7049 Carrington Road","Middlesboro","KY","40965"
84,"2004-02-05","2004-03-31",1,42.64,44.33,51,"Kelly","Dog","Golden Retriever","2004-01-16","Male","","Gold",246.05,,"",,,"",4,"Frost","Kaye","606-630-0346","7049 Carrington Road","Middlesboro","KY","40965"
85,"2004-02-05","2004-03-31",1,62.2,44.33,128,"Henry","Dog","German Shepherd","2004-07-16","Male","AKC","Black/White",155.95,,"",,,"",4,"Frost","Kaye","606-630-0346","7049 Carrington Road","Middlesboro","KY","40965"
86,"2004-02-05","2004-03-31",1,73.86,44.33,113,"Courtney","Dog","Boston Terrier","2004-03-12","Female","AKC","Black",142.61,,"",,,"",4,"Frost","Kaye","606-630-0346","7049 Carrington Road","Middlesboro","KY","40965"
87,"2004-02-05","2004-03-31",1,94.78,44.33,40,"Hunter","Dog","Weimaraner","2004-04-02","Male","AKC","Brown",214.82,,"",,,"",4,"Frost","Kaye","606-630-0346","7049 Carrington Road","Middlesboro","KY","40965"
88,"2004-02-08","",1,10.59,57.44,53,"","Fish","Starfish","2004-06-23","Female","","Blue",52,,"",,,"",3,"Murphy","Faye","402-477-9061","4218 Industrial Drive","Omaha","NE","68108"
89,"2004-02-08","",1,84.3,57.44,11,"Susan","Dog","Dalmation","2004-01-22","Female","AKC","Spotted",164.96,,"",,,"",3,"Murphy","Faye","402-477-9061","4218 Industrial Drive","Omaha","NE","68108"
90,"2004-02-08","",1,197.03,57.44,50,"Arnold","Dog","Pomeranian","2004-05-18","Male","AKC","Gray/Blue",267.05,,"",,,"",3,"Murphy","Faye","402-477-9061","4218 Industrial Drive","Omaha","NE","68108"
91,"2004-02-10","2004-05-02",1,15.37,44.98,180,"","Fish","Angel","2004-04-01","Female","","Yellow",27,,"",,,"",7,"Lamb","Malcolm","502-787-8033","4379 Greensburg Street","Newburg","KY","40218"
92,"2004-02-10","2004-05-02",1,43.83,44.98,24,"Carla","Cat","Maine Coon","2004-04-11","Female","CFA","Brown\Red",163.97,,"",,,"",7,"Lamb","Malcolm","502-787-8033","4379 Greensburg Street","Newburg","KY","40218"
93,"2004-02-10","2004-05-02",1,60.72,44.98,54,"Sandy","Bird","Parrot","2004-01-23","Female","","Blue/Red",107.52,,"",,,"",7,"Lamb","Malcolm","502-787-8033","4379 Greensburg Street","Newburg","KY","40218"
94,"2004-02-10","2004-05-02",1,108.83,44.98,36,"Connie","Dog","Poodle-Toy","2004-10-14","Female","AKC","White",190.46,,"",,,"",7,"Lamb","Malcolm","502-787-8033","4379 Greensburg Street","Newburg","KY","40218"
95,"2004-02-10","2004-10-06",1,2.84,60.87,118,"","Fish","Guppy","2004-05-05","Female","","Brown",4,,"",,,"",7,"Lamb","Malcolm","502-787-8033","4379 Greensburg Street","Newburg","KY","40218"
96,"2004-02-10","2004-10-06",1,7.74,60.87,72,"","Mammal","Hamster","2004-06-27","Male","","Brown/White",13,,"",,,"",7,"Lamb","Malcolm","502-787-8033","4379 Greensburg Street","Newburg","KY","40218"
97,"2004-02-10","2004-10-06",1,18.58,60.87,86,"","Fish","Tetra","2004-01-02","Female","","Black",22,,"",,,"",7,"Lamb","Malcolm","502-787-8033","4379 Greensburg Street","Newburg","KY","40218"
98,"2004-02-10","2004-10-06",1,59.89,60.87,189,"Emma","Bird","Parrot","2004-09-06","Female","","Yellow",170.08,,"",,,"",7,"Lamb","Malcolm","502-787-8033","4379 Greensburg Street","Newburg","KY","40218"
99,"2004-02-10","2004-10-06",1,91.26,60.87,19,"Gene","Dog","Wire Fox Terrier","2004-05-11","Male","AKC","White",210.65,,"",,,"",7,"Lamb","Malcolm","502-787-8033","4379 Greensburg Street","Newburg","KY","40218"
100,"2004-02-10","2004-10-06",1,168.91,60.87,103,"Lee","Cat","Siamese","2004-07-17","Male","CFA","White/Black",232.9,,"",,,"",7,"Lamb","Malcolm","502-787-8033","4379 Greensburg Street","Newburg","KY","40218"
101,"2004-02-12","2004-02-17",1,36.09,48.16,6,"Rosie","Cat","Oriental Shorthair","2004-08-02","Female","CFA","Gray",193.31,,"",,,"",3,"Murphy","Faye","402-477-9061","4218 Industrial Drive","Omaha","NE","68108"
102,"2004-02-12","2004-02-17",1,69.13,48.16,82,"","Mammal","Ferret","2004-07-21","Male","","Brown",125,,"",,,"",3,"Murphy","Faye","402-477-9061","4218 Industrial Drive","Omaha","NE","68108"
103,"2004-02-12","2004-02-17",1,106.67,48.16,12,"Leisha","Dog","Rottweiler","2004-06-13","Female","AKC","Brown",164.06,,"",,,"",3,"Murphy","Faye","402-477-9061","4218 Industrial Drive","Omaha","NE","68108"
104,"2004-02-12","2004-02-17",1,113.01,48.16,198,"Curtis","Dog","Maltese","2004-01-04","Male","AKC","Black",142.67,,"",,,"",3,"Murphy","Faye","402-477-9061","4218 Industrial Drive","Omaha","NE","68108"
105,"2004-02-14","",1,60.62,46.39,14,"Tina","Cat","Sphynx","2004-01-06","Female","CFA","Gold",143.94,,"",,,"",8,"Roberts","Jody","907-797-6770","527 Mud River Valley Road","Anchorage","AK","99502"
106,"2004-02-14","",1,117.98,46.39,48,"Anthony","Cat","Japanese Bobtail","2004-06-16","Male","CFA","White",226.54,,"",,,"",8,"Roberts","Jody","907-797-6770","527 Mud River Valley Road","Anchorage","AK","99502"
107,"2004-02-14","",1,148,46.39,111,"Martin","Dog","Keeshond","2004-03-08","Male","AKC","Black",238.55,,"",,,"",8,"Roberts","Jody","907-797-6770","527 Mud River Valley Road","Anchorage","AK","99502"
108,"2004-02-15","2004-06-16",1,14.12,61.22,129,"","Fish","Snail","2004-08-02","Male","","Yellow",16,,"",,,"",7,"Lamb","Malcolm","502-787-8033","4379 Greensburg Street","Newburg","KY","40218"
109,"2004-02-15","2004-06-16",1,32.47,61.22,28,"","Spider","Tarantula","2004-02-07","Male","","Black",45,,"",,,"",7,"Lamb","Malcolm","502-787-8033","4379 Greensburg Street","Newburg","KY","40218"
110,"2004-02-15","2004-06-16",1,70.21,61.22,161,"Bernard","Dog","Keeshond","2004-05-11","Male","","Red",244.9,,"",,,"",7,"Lamb","Malcolm","502-787-8033","4379 Greensburg Street","Newburg","KY","40218"
111,"2004-02-15","2004-06-16",1,82.57,61.22,140,"Cal","Cat","Persian","2004-07-21","Male","CFA","White",134.8,,"",,,"",7,"Lamb","Malcolm","502-787-8033","4379 Greensburg Street","Newburg","KY","40218"
112,"2004-02-16","",1,98.44,62.1,115,"Jewell","Cat","Korat","2004-01-15","Female","CFA","Black",210.88,,"",,,"",3,"Murphy","Faye","402-477-9061","4218 Industrial Drive","Omaha","NE","68108"
113,"2004-02-16","",1,129.52,62.1,43,"Chelsea","Reptile","Python","2004-02-10","Female","","Black/Gold",237.9,,"",,,"",3,"Murphy","Faye","402-477-9061","4218 Industrial Drive","Omaha","NE","68108"
114,"2004-02-17","2004-02-25",1,30.15,55.28,73,"Janet","Dog","Coon Hound","2004-02-24","Female","AKC","Brown",123.65,,"",,,"",9,"Dillard","George","803-448-2061","9713 Wildwood Street","Columbia","SC","29201"
115,"2004-02-17","2004-02-25",1,67.54,55.28,159,"","Reptile","Python","2004-01-13","Male","","Black",141.98,,"",,,"",9,"Dillard","George","803-448-2061","9713 Wildwood Street","Columbia","SC","29201"
116,"2004-02-17","2004-02-25",1,84.11,55.28,71,"Cora","Dog","Keeshond","2004-10-02","Female","AKC","Brown",119.67,,"",,,"",9,"Dillard","George","803-448-2061","9713 Wildwood Street","Columbia","SC","29201"
117,"2004-02-17","2004-02-25",1,98.21,55.28,8,"Miranda","Dog","Norfolk Terrier","2004-05-04","Female","AKC","Red",203.75,,"",,,"",9,"Dillard","George","803-448-2061","9713 Wildwood Street","Columbia","SC","29201"
118,"2004-02-17","2004-09-24",1,109.4,63.26,108,"Anissa","Dog","Bloodhound","2004-04-04","Female","AKC","Brown",169.13,,"",,,"",8,"Roberts","Jody","907-797-6770","527 Mud River Valley Road","Anchorage","AK","99502"
119,"2004-02-17","2004-09-24",1,119.43,63.26,136,"","Bird","Other","2004-08-11","Male","","White",206.77,,"",,,"",8,"Roberts","Jody","907-797-6770","527 Mud River Valley Road","Anchorage","AK","99502"
120,"2004-02-18","",1,47.26,47.67,142,"Susan","Dog","Siberian Huskie","2004-08-03","Female","AKC","White",180.93,,"",,,"",2,"Fugate","Jody","615-625-9479","787 Park Street","Springfield","TN","37172"
121,"2004-02-18","",1,109.8,47.67,156,"Alvin","Dog","Collie","2004-01-21","Male","AKC","Yellow",280.59,,"",,,"",2,"Fugate","Jody","615-625-9479","787 Park Street","Springfield","TN","37172"
122,"2004-02-18","",1,111.02,47.67,98,"Ricardo","Dog","Bulldog","2004-02-03","Male","AKC","Black",177.2,,"",,,"",2,"Fugate","Jody","615-625-9479","787 Park Street","Springfield","TN","37172"
123,"2004-02-18","",1,132.95,47.67,168,"Ray","Cat","Japanese Bobtail","2004-06-04","Male","CFA","Black",225.68,,"",,,"",2,"Fugate","Jody","615-625-9479","787 Park Street","Springfield","TN","37172"
124,"2004-02-21","",1,43.4,56.22,105,"Beth","Dog","Akita","2004-02-06","Female","AKC","White/Brown",177.06,,"",,,"",6,"Mason","Whitney","307-645-4066","5230 Pleasant Valley Drive","Cheyenne","WY","82001"
125,"2004-02-21","",1,79.51,56.22,23,"Craig","Dog","Poodle","2004-03-17","Male","AKC","White",108.32,,"",,,"",6,"Mason","Whitney","307-645-4066","5230 Pleasant Valley Drive","Cheyenne","WY","82001"
126,"2004-02-21","",1,84.95,56.22,102,"Leonard","Dog","Mastiff","2004-09-18","Male","AKC","Brown",197.31,,"",,,"",6,"Mason","Whitney","307-645-4066","5230 Pleasant Valley Drive","Cheyenne","WY","82001"
127,"2004-02-21","",1,87.18,56.22,143,"Leisha","Cat","Korat","2004-05-20","Female","CFA","Brown",163.07,,"",,,"",6,"Mason","Whitney","307-645-4066","5230 Pleasant Valley Drive","Cheyenne","WY","82001"
128,"2004-02-21","",1,89.77,56.22,144,"Dewey","Dog","Poodle-Toy","2004-05-07","Male","AKC","Black",182.6,,"",,,"",6,"Mason","Whitney","307-645-4066","5230 Pleasant Valley Drive","Cheyenne","WY","82001"
129,"2004-02-21","",1,97.84,56.22,137,"","Fish","Shark","2004-01-24","Female","","Gray",238.52,,"",,,"",6,"Mason","Whitney","307-645-4066","5230 Pleasant Valley Drive","Cheyenne","WY","82001"
130,"2004-02-21","",1,130.28,56.22,60,"Everett","Dog","Australian Shepherd","2004-05-20","Male","AKC","Brown/White",325.69,,"",,,"",6,"Mason","Whitney","307-645-4066","5230 Pleasant Valley Drive","Cheyenne","WY","82001"
131,"2004-02-21","",1,199.82,56.22,157,"","Bird","Parrot","2004-04-12","Male","","Red",237.81,,"",,,"",6,"Mason","Whitney","307-645-4066","5230 Pleasant Valley Drive","Cheyenne","WY","82001"
132,"2004-02-22","2004-03-17",1,14.28,62.9,25,"Vivian","Dog","Cocker Spaniel","2004-04-24","Female","","Red",128.18,,"",,,"",7,"Lamb","Malcolm","502-787-8033","4379 Greensburg Street","Newburg","KY","40218"
133,"2004-02-22","2004-03-17",1,54.98,62.9,32,"Cathy","Cat","Scottish Fold","2004-06-05","Female","CFA","White",138.91,,"",,,"",7,"Lamb","Malcolm","502-787-8033","4379 Greensburg Street","Newburg","KY","40218"
134,"2004-02-22","2004-03-17",1,154.74,62.9,148,"Wayne","Dog","Akita","2004-02-09","Male","AKC","White",257.89,,"",,,"",7,"Lamb","Malcolm","502-787-8033","4379 Greensburg Street","Newburg","KY","40218"
135,"2004-02-22","2004-03-17",1,168.58,62.9,87,"Christine","Dog","Norfolk Terrier","2004-08-14","Female","AKC","Red",208.12,,"",,,"",7,"Lamb","Malcolm","502-787-8033","4379 Greensburg Street","Newburg","KY","40218"
136,"2004-02-23","",1,114.71,39.34,31,"Taylor","Dog","Mastiff","2004-02-15","Male","AKC","Brown",164.7,,"",,,"",4,"Frost","Kaye","606-630-0346","7049 Carrington Road","Middlesboro","KY","40965"
137,"2004-02-23","",1,211.22,39.34,133,"Anissa","Cat","Canadian Hairless","2004-07-13","Female","CFA","Gray",328.17,,"",,,"",4,"Frost","Kaye","606-630-0346","7049 Carrington Road","Middlesboro","KY","40965"
138,"2004-02-25","",1,73.01,47.45,44,"Melanie","Dog","Mastiff","2004-06-18","Female","AKC","Black",141.17,,"",,,"",2,"Fugate","Jody","615-625-9479","787 Park Street","Springfield","TN","37172"
139,"2004-02-25","",1,106.84,47.45,65,"Bryce","Cat","Persian","2004-06-23","Male","CFA","White/Black",133.24,,"",,,"",2,"Fugate","Jody","615-625-9479","787 Park Street","Springfield","TN","37172"
140,"2004-02-25","",1,129.13,47.45,196,"Buck","Dog","Doberman","2004-06-05","Male","","Black",253.54,,"",,,"",2,"Fugate","Jody","615-625-9479","787 Park Street","Springfield","TN","37172"
141,"2004-02-25","",12,14.46,32.55,,"","","","","","","",,22,"Bird Cage-Large",15,75,"Bird",12,"Love","David","606-282-6165","5745 Mud River Valley Road","Harrodsburg","KY","40330"
142,"2004-02-25","",14,30.94,32.55,,"","","","","","","",,22,"Bird Cage-Large",15,75,"Bird",12,"Love","David","606-282-6165","5745 Mud River Valley Road","Harrodsburg","KY","40330"
143,"2004-02-25","",25,5.37,32.55,,"","","","","","","",,22,"Bird Cage-Large",15,75,"Bird",12,"Love","David","606-282-6165","5745 Mud River Valley Road","Harrodsburg","KY","40330"
144,"2004-02-25","",48,14.92,32.55,,"","","","","","","",,22,"Bird Cage-Large",15,75,"Bird",12,"Love","David","606-282-6165","5745 Mud River Valley Road","Harrodsburg","KY","40330"
145,"2004-02-25","",51,6.69,32.55,,"","","","","","","",,22,"Bird Cage-Large",15,75,"Bird",12,"Love","David","606-282-6165","5745 Mud River Valley Road","Harrodsburg","KY","40330"
146,"2004-02-27","2004-03-04",24,6.55,32.42,,"","","","","","","",,16,"Dog Food-Can-Premium",1179,0.8,"Dog",12,"Love","David","606-282-6165","5745 Mud River Valley Road","Harrodsburg","KY","40330"
147,"2004-02-27","2004-03-04",39,2.18,32.42,,"","","","","","","",,16,"Dog Food-Can-Premium",1179,0.8,"Dog",12,"Love","David","606-282-6165","5745 Mud River Valley Road","Harrodsburg","KY","40330"
148,"2004-02-27","2004-03-04",48,4.57,32.42,,"","","","","","","",,16,"Dog Food-Can-Premium",1179,0.8,"Dog",12,"Love","David","606-282-6165","5745 Mud River Valley Road","Harrodsburg","KY","40330"
149,"2004-02-27","2004-03-04",85,2.33,32.42,,"","","","","","","",,16,"Dog Food-Can-Premium",1179,0.8,"Dog",12,"Love","David","606-282-6165","5745 Mud River Valley Road","Harrodsburg","KY","40330"
150,"2004-02-27","2004-03-04",178,0.55,32.42,,"","","","","","","",,16,"Dog Food-Can-Premium",1179,0.8,"Dog",12,"Love","David","606-282-6165","5745 Mud River Valley Road","Harrodsburg","KY","40330"
151,"2004-02-27","2004-03-17",1,0.89,45.75,9,"","Fish","Guppy","2004-03-10","Male","","Gold",2,,"",,,"",12,"Love","David","606-282-6165","5745 Mud River Valley Road","Harrodsburg","KY","40330"
152,"2004-02-27","2004-03-17",1,50.58,45.75,37,"Hunter","Dog","Bassett Hound","2004-05-04","Male","AKC","Brown",115.39,,"",,,"",12,"Love","David","606-282-6165","5745 Mud River Valley Road","Harrodsburg","KY","40330"
153,"2004-02-27","2004-03-17",1,199.83,45.75,122,"Gayle","Cat","Bombay","2004-02-14","Female","CFA","Black",282.84,,"",,,"",12,"Love","David","606-282-6165","5745 Mud River Valley Road","Harrodsburg","KY","40330"
154,"2004-03-01","2004-07-11",1,52.81,47.47,182,"Duane","Dog","Rottweiler","2004-05-28","Male","AKC","Red",218.49,,"",,,"",5,"Sims","Stephanie","615-048-9494","4696 Green Street","Smyrna","TN","37167"
155,"2004-03-01","2004-07-11",1,60.29,47.47,90,"Chad","Dog","Great Dane","2004-06-15","Male","","Black",223.97,,"",,,"",5,"Sims","Stephanie","615-048-9494","4696 Green Street","Smyrna","TN","37167"
156,"2004-03-01","2004-07-11",1,65.77,47.47,17,"Jackie","Dog","Doberman","2004-04-12","Male","AKC","Black",165.73,,"",,,"",5,"Sims","Stephanie","615-048-9494","4696 Green Street","Smyrna","TN","37167"
157,"2004-03-01","2004-07-11",1,94.9,47.47,83,"Laura","Dog","Chihuahua","2004-01-25","Female","AKC","Brown",155.46,,"",,,"",5,"Sims","Stephanie","615-048-9494","4696 Green Street","Smyrna","TN","37167"
158,"2004-03-01","2004-07-11",1,102.53,47.47,56,"Lillie","Cat","Abyssinian","2004-04-03","Female","CFA","White",227.39,,"",,,"",5,"Sims","Stephanie","615-048-9494","4696 Green Street","Smyrna","TN","37167"
159,"2004-03-01","2004-07-11",1,142.13,47.47,195,"Tom","Dog","Dalmation","2004-06-05","Male","AKC","Spotted",195.52,,"",,,"",5,"Sims","Stephanie","615-048-9494","4696 Green Street","Smyrna","TN","37167"
160,"2004-03-06","2004-10-26",1,73.07,62.2,132,"Dennis","Cat","Angora","2004-07-13","Male","","White",157.01,,"",,,"",9,"Dillard","George","803-448-2061","9713 Wildwood Street","Columbia","SC","29201"
161,"2004-03-06","",208,4.42,33.54,,"","","","","","","",,1,"Dog Kennel-Small",11,45,"Dog",10,"Rhodes","Brad","308-466-7092","633 West Street","Kearney","NE","68847"
162,"2004-03-06","",8,24.65,33.54,,"","","","","","","",,1,"Dog Kennel-Small",11,45,"Dog",10,"Rhodes","Brad","308-466-7092","633 West Street","Kearney","NE","68847"
163,"2004-03-06","2004-10-26",1,216.65,62.2,163,"Bruce","Dog","Jack Russell Terrier","2004-09-20","Male","AKC","Brown/White",261.02,,"",,,"",9,"Dillard","George","803-448-2061","9713 Wildwood Street","Columbia","SC","29201"
164,"2004-03-06","2004-10-26",1,202.62,62.2,120,"Chester","Dog","Keeshond","2004-02-25","Male","AKC","Black",216.91,,"",,,"",9,"Dillard","George","803-448-2061","9713 Wildwood Street","Columbia","SC","29201"
165,"2004-03-06","2004-10-26",1,143.29,62.2,152,"Heather","Dog","Collie","2004-06-03","Female","AKC","Brown/Yellow",218.83,,"",,,"",9,"Dillard","George","803-448-2061","9713 Wildwood Street","Columbia","SC","29201"
166,"2004-03-06","2004-10-26",1,119.9,62.2,154,"Orville","Dog","English Bulldog","2004-04-15","Male","AKC","Yellow",197.01,,"",,,"",9,"Dillard","George","803-448-2061","9713 Wildwood Street","Columbia","SC","29201"
167,"2004-03-06","2004-10-26",1,95.99,62.2,47,"Brian","Dog","Cock A Poo","2004-03-03","Male","AKC","Black",206.07,,"",,,"",9,"Dillard","George","803-448-2061","9713 Wildwood Street","Columbia","SC","29201"
168,"2004-03-07","",1,77.04,42.37,125,"Harlen","Dog","Cocker Spaniel","2004-03-17","Male","AKC","Yellow",193.08,,"",,,"",4,"Frost","Kaye","606-630-0346","7049 Carrington Road","Middlesboro","KY","40965"
169,"2004-03-07","",1,63,42.37,192,"Sally","Cat","American Shorthair","2004-06-26","Female","CFA","Black",196.87,,"",,,"",4,"Frost","Kaye","606-630-0346","7049 Carrington Road","Middlesboro","KY","40965"
170,"2004-03-07","",1,60.83,42.37,69,"Inez","Dog","Border Collie","2004-02-24","Female","AKC","Brown/White",104.88,,"",,,"",4,"Frost","Kaye","606-630-0346","7049 Carrington Road","Middlesboro","KY","40965"
171,"2004-03-07","",1,9.73,42.37,173,"","Mammal","Hamster","2004-06-06","Female","","Yellow",22,,"",,,"",4,"Frost","Kaye","606-630-0346","7049 Carrington Road","Middlesboro","KY","40965"
172,"2004-03-14","",1,271.11,61.06,147,"Kelly","Dog","Alaskan Malamute","2004-03-25","Male","AKC","White",272.52,,"",,,"",9,"Dillard","George","803-448-2061","9713 Wildwood Street","Columbia","SC","29201"
173,"2004-03-19","2004-03-24",1,52.91,49.2,149,"Elizabeth","Cat","Tonkinese","2004-06-06","Female","CFA","Yellow",138.82,,"",,,"",9,"Dillard","George","803-448-2061","9713 Wildwood Street","Columbia","SC","29201"
174,"2004-03-19","2004-03-24",1,5.79,49.2,201,"","Mammal","Hamster","2004-02-22","Male","","Brown",22,,"",,,"",9,"Dillard","George","803-448-2061","9713 Wildwood Street","Columbia","SC","29201"
175,"2004-03-19","2004-03-24",1,90.27,49.2,158,"Russell","Dog","Shetland Sheepdog","2004-03-20","Male","AKC","White/Brown",167.16,,"",,,"",9,"Dillard","George","803-448-2061","9713 Wildwood Street","Columbia","SC","29201"
176,"2004-03-27","",39,2.84,60.13,,"","","","","","","",,18,"Cat Food-Can-Premium",1874,1,"Cat",14,"Harrison","Angela","606-121-7621","8558 N. Main Street","Fort Thomas","KY","41075"
177,"2004-04-03","2004-08-16",1,89.35,52.07,26,"Orville","Dog","Shetland Sheepdog","2004-07-06","Male","AKC","Gray",242,,"",,,"",3,"Murphy","Faye","402-477-9061","4218 Industrial Drive","Omaha","NE","68108"
178,"2004-04-06","",1,67.18,51.03,145,"Ruby","Dog","Weimaraner","2004-03-23","Female","AKC","Brown",201.85,,"",,,"",11,"Parrish","Mandy","606-033-1460","9641 Elm Street","Danville","KY","40422"
179,"2004-04-06","",1,138.44,51.03,10,"Sherri","Dog","Siberian Huskie","2004-09-13","Female","AKC","Black/White",166.79,,"",,,"",11,"Parrish","Mandy","606-033-1460","9641 Elm Street","Danville","KY","40422"
180,"2004-04-08","2004-10-19",1,76.28,52.62,131,"Elvis","Dog","Mastiff","2004-03-11","Male","AKC","Black",214.39,,"",,,"",2,"Fugate","Jody","615-625-9479","787 Park Street","Springfield","TN","37172"
181,"2004-04-08","2004-10-19",1,80.27,52.62,169,"Lorene","Dog","Coon Hound","2004-09-11","Female","","Yellow",132.48,,"",,,"",2,"Fugate","Jody","615-625-9479","787 Park Street","Springfield","TN","37172"
182,"2004-04-08","2004-10-19",1,91.04,52.62,109,"","Fish","Angel","2004-04-05","Female","","Yellow",128.22,,"",,,"",2,"Fugate","Jody","615-625-9479","787 Park Street","Springfield","TN","37172"
183,"2004-04-08","2004-10-19",1,173.56,52.62,15,"Bonita","Dog","Cocker Spaniel","2004-10-21","Female","AKC","Gold",284.85,,"",,,"",2,"Fugate","Jody","615-625-9479","787 Park Street","Springfield","TN","37172"
184,"2004-04-09","",1,148.11,54.86,121,"Rachel","Dog","Norfolk Terrier","2004-08-02","Female","AKC","Gray",284.54,,"",,,"",1,"Hardin","Fannie","606-568-1851","8999 Weeping Willow Road","Berea","KY","40403"
185,"2004-04-10","2004-07-03",1,16.5,48.07,184,"","Fish","Tetra","2004-05-21","Male","","Black/Blue",25,,"",,,"",2,"Fugate","Jody","615-625-9479","787 Park Street","Springfield","TN","37172"
186,"2004-04-10","2004-07-03",1,113.35,48.07,124,"Trina","Cat","Oriental Shorthair","2004-05-25","Female","CFA","Gray",187.7,,"",,,"",2,"Fugate","Jody","615-625-9479","787 Park Street","Springfield","TN","37172"
187,"2004-04-10","2004-07-03",1,158.42,48.07,35,"Charles","Bird","Parakeet","2004-04-09","Male","","Blue/Gold",203.1,,"",,,"",2,"Fugate","Jody","615-625-9479","787 Park Street","Springfield","TN","37172"
188,"2004-04-18","",14,17.87,42.08,,"","","","","","","",,4,"Dog Kennel-Extra Large",6,110,"Dog",14,"Harrison","Angela","606-121-7621","8558 N. Main Street","Fort Thomas","KY","41075"
189,"2004-04-18","",34,20.28,42.08,,"","","","","","","",,4,"Dog Kennel-Extra Large",6,110,"Dog",14,"Harrison","Angela","606-121-7621","8558 N. Main Street","Fort Thomas","KY","41075"
190,"2004-04-18","",179,0.6,42.08,,"","","","","","","",,4,"Dog Kennel-Extra Large",6,110,"Dog",14,"Harrison","Angela","606-121-7621","8558 N. Main Street","Fort Thomas","KY","41075"
191,"2004-04-21","",1,66.28,68.24,68,"Hoyt","Bird","Parrot","2004-03-28","Male","","Blue/Red",235.27,,"",,,"",5,"Sims","Stephanie","615-048-9494","4696 Green Street","Smyrna","TN","37167"
192,"2004-04-22","",1,18.3,60.2,181,"","Fish","Tetra","2004-06-16","Male","","Brown/Red",23,,"",,,"",6,"Mason","Whitney","307-645-4066","5230 Pleasant Valley Drive","Cheyenne","WY","82001"
193,"2004-04-22","",1482,0.41,21.87,,"","","","","","","",,6,"Cat Bed-Medium",35,35,"Cat",13,"Hughes","Natasha","615-798-8614","5610 Church Street","Cookeville","TN","38501"
194,"2004-04-22","",103,23.78,21.87,,"","","","","","","",,6,"Cat Bed-Medium",35,35,"Cat",13,"Hughes","Natasha","615-798-8614","5610 Church Street","Cookeville","TN","38501"
195,"2004-04-22","",55,5.21,21.87,,"","","","","","","",,6,"Cat Bed-Medium",35,35,"Cat",13,"Hughes","Natasha","615-798-8614","5610 Church Street","Cookeville","TN","38501"
196,"2004-04-22","",1,54.63,60.2,18,"Allison","Cat","Manx","2004-04-21","Female","CFA","Black",215.92,,"",,,"",6,"Mason","Whitney","307-645-4066","5230 Pleasant Valley Drive","Cheyenne","WY","82001"
197,"2004-04-22","",1,65.72,60.2,62,"Linda","Cat","Russian Blue","2004-08-22","Female","CFA","Gray/Blue",96.73,,"",,,"",6,"Mason","Whitney","307-645-4066","5230 Pleasant Valley Drive","Cheyenne","WY","82001"
198,"2004-04-22","",1,78.03,60.2,139,"Claudia","Dog","Doberman","2004-08-02","Female","AKC","Black",220.97,,"",,,"",6,"Mason","Whitney","307-645-4066","5230 Pleasant Valley Drive","Cheyenne","WY","82001"
199,"2004-04-22","",1,114.79,60.2,61,"Sandy","Dog","Chinese Shar Pei","2004-06-01","Female","","Brown",221.55,,"",,,"",6,"Mason","Whitney","307-645-4066","5230 Pleasant Valley Drive","Cheyenne","WY","82001"
200,"2004-04-22","",3,124.2,21.87,,"","","","","","","",,6,"Cat Bed-Medium",35,35,"Cat",13,"Hughes","Natasha","615-798-8614","5610 Church Street","Cookeville","TN","38501"
201,"2004-04-22","",5,17.64,21.87,,"","","","","","","",,6,"Cat Bed-Medium",35,35,"Cat",13,"Hughes","Natasha","615-798-8614","5610 Church Street","Cookeville","TN","38501"
202,"2004-04-22","",9,41.5,21.87,,"","","","","","","",,6,"Cat Bed-Medium",35,35,"Cat",13,"Hughes","Natasha","615-798-8614","5610 Church Street","Cookeville","TN","38501"
203,"2004-04-22","",18,5.17,21.87,,"","","","","","","",,6,"Cat Bed-Medium",35,35,"Cat",13,"Hughes","Natasha","615-798-8614","5610 Church Street","Cookeville","TN","38501"
204,"2004-04-27","",12,13.74,33.89,,"","","","","","","",,9,"Dog Food-Dry-10 pound",211,7.5,"Dog",11,"Parrish","Mandy","606-033-1460","9641 Elm Street","Danville","KY","40422"
205,"2004-05-02","",1,53.36,46.35,151,"Lester","Bird","Parrot","2004-04-09","Male","","Red",244.19,,"",,,"",7,"Lamb","Malcolm","502-787-8033","4379 Greensburg Street","Newburg","KY","40218"
206,"2004-05-02","",1,13.4,46.35,29,"","Fish","Snail","2004-06-15","Male","","White",15,,"",,,"",7,"Lamb","Malcolm","502-787-8033","4379 Greensburg Street","Newburg","KY","40218"
207,"2004-05-02","",1,84.54,46.35,130,"Darrell","Dog","Greyhound","2004-07-14","Male","AKC","Gray",157.83,,"",,,"",7,"Lamb","Malcolm","502-787-8033","4379 Greensburg Street","Newburg","KY","40218"
208,"2004-05-04","",312,0.81,31.04,,"","","","","","","",,10,"Dog Food-Dry-25 pound",100,16,"Dog",13,"Hughes","Natasha","615-798-8614","5610 Church Street","Cookeville","TN","38501"
209,"2004-05-04","",328,7.83,31.04,,"","","","","","","",,10,"Dog Food-Dry-25 pound",100,16,"Dog",13,"Hughes","Natasha","615-798-8614","5610 Church Street","Cookeville","TN","38501"
210,"2004-05-04","",19,17.45,31.04,,"","","","","","","",,10,"Dog Food-Dry-25 pound",100,16,"Dog",13,"Hughes","Natasha","615-798-8614","5610 Church Street","Cookeville","TN","38501"
211,"2004-05-04","",205,0.66,31.04,,"","","","","","","",,10,"Dog Food-Dry-25 pound",100,16,"Dog",13,"Hughes","Natasha","615-798-8614","5610 Church Street","Cookeville","TN","38501"
212,"2004-05-10","",1,122.72,40.35,64,"","Reptile","Python","2004-04-11","Female","","Black",255.25,,"",,,"",1,"Hardin","Fannie","606-568-1851","8999 Weeping Willow Road","Berea","KY","40403"
213,"2004-05-19","",1,72.44,40.65,100,"Bill","Cat","Scottish Fold","2004-08-06","Male","CFA","Gray",132.79,,"",,,"",5,"Sims","Stephanie","615-048-9494","4696 Green Street","Smyrna","TN","37167"
214,"2004-05-19","",1,92.08,40.65,99,"","Mammal","Ferret","2004-07-27","Male","","Black",230.89,,"",,,"",5,"Sims","Stephanie","615-048-9494","4696 Green Street","Smyrna","TN","37167"
215,"2004-05-20","",7,50.63,29.27,,"","","","","","","",,14,"Cat Food-Dry-25 pound",300,18,"Cat",12,"Love","David","606-282-6165","5745 Mud River Valley Road","Harrodsburg","KY","40330"
216,"2004-05-20","",25,6.82,29.27,,"","","","","","","",,14,"Cat Food-Dry-25 pound",300,18,"Cat",12,"Love","David","606-282-6165","5745 Mud River Valley Road","Harrodsburg","KY","40330"
217,"2004-05-20","",48,6.81,29.27,,"","","","","","","",,14,"Cat Food-Dry-25 pound",300,18,"Cat",12,"Love","David","606-282-6165","5745 Mud River Valley Road","Harrodsburg","KY","40330"
218,"2004-05-20","",125,4.62,29.27,,"","","","","","","",,14,"Cat Food-Dry-25 pound",300,18,"Cat",12,"Love","David","606-282-6165","5745 Mud River Valley Road","Harrodsburg","KY","40330"
219,"2004-05-20","",1307,0.39,29.27,,"","","","","","","",,14,"Cat Food-Dry-25 pound",300,18,"Cat",12,"Love","David","606-282-6165","5745 Mud River Valley Road","Harrodsburg","KY","40330"
220,"2004-05-28","2004-06-04",128,6.45,28.64,,"","","","","","","",,2,"Dog Kennel-Medium",12,65,"Dog",11,"Parrish","Mandy","606-033-1460","9641 Elm Street","Danville","KY","40422"
221,"2004-05-28","2004-06-04",6,85.67,28.64,,"","","","","","","",,2,"Dog Kennel-Medium",12,65,"Dog",11,"Parrish","Mandy","606-033-1460","9641 Elm Street","Danville","KY","40422"
222,"2004-05-28","2004-06-04",321,0.8,28.64,,"","","","","","","",,2,"Dog Kennel-Medium",12,65,"Dog",11,"Parrish","Mandy","606-033-1460","9641 Elm Street","Danville","KY","40422"
223,"2004-05-28","2004-06-04",1546,0.36,28.64,,"","","","","","","",,2,"Dog Kennel-Medium",12,65,"Dog",11,"Parrish","Mandy","606-033-1460","9641 Elm Street","Danville","KY","40422"
224,"2004-06-07","2004-06-18",4,93.15,14.22,,"","","","","","","",,7,"Dog Toy",134,4,"Dog",14,"Harrison","Angela","606-121-7621","8558 N. Main Street","Fort Thomas","KY","41075"
225,"2004-06-07","2004-06-18",66,7.99,14.22,,"","","","","","","",,7,"Dog Toy",134,4,"Dog",14,"Harrison","Angela","606-121-7621","8558 N. Main Street","Fort Thomas","KY","41075"
226,"2004-06-11","",1,131.46,32.06,59,"Gaylen","Dog","Dalmation","2004-05-10","Male","AKC","Spotted",199.52,,"",,,"",4,"Frost","Kaye","606-630-0346","7049 Carrington Road","Middlesboro","KY","40965"
227,"2004-06-18","",14,18.92,25.38,,"","","","","","","",,11,"Dog Food-Dry-50 pound",373,30,"Dog",11,"Parrish","Mandy","606-033-1460","9641 Elm Street","Danville","KY","40422"
228,"2004-06-18","",92,12.09,25.38,,"","","","","","","",,11,"Dog Food-Dry-50 pound",373,30,"Dog",11,"Parrish","Mandy","606-033-1460","9641 Elm Street","Danville","KY","40422"
229,"2004-06-18","",1424,0.39,25.38,,"","","","","","","",,11,"Dog Food-Dry-50 pound",373,30,"Dog",11,"Parrish","Mandy","606-033-1460","9641 Elm Street","Danville","KY","40422"
230,"2004-06-29","",13,4.46,46.91,,"","","","","","","",,21,"Bird Cage-Medium",5,25,"Bird",15,"Osborne","Christine","615-245-8406","1565 Sunnyhill Trace","Lebanon","TN","37087"
231,"2004-06-29","",27,5.27,46.91,,"","","","","","","",,21,"Bird Cage-Medium",5,25,"Bird",15,"Osborne","Christine","615-245-8406","1565 Sunnyhill Trace","Lebanon","TN","37087"
232,"2004-06-29","",132,16.14,46.91,,"","","","","","","",,21,"Bird Cage-Medium",5,25,"Bird",15,"Osborne","Christine","615-245-8406","1565 Sunnyhill Trace","Lebanon","TN","37087"
233,"2004-06-29","",316,0.78,46.91,,"","","","","","","",,21,"Bird Cage-Medium",5,25,"Bird",15,"Osborne","Christine","615-245-8406","1565 Sunnyhill Trace","Lebanon","TN","37087"
234,"2004-07-01","2004-07-03",221,6.09,39.3,,"","","","","","","",,8,"Cat Toy",182,3,"Cat",11,"Parrish","Mandy","606-033-1460","9641 Elm Street","Danville","KY","40422"
235,"2004-07-01","2004-07-03",13,6.01,39.3,,"","","","","","","",,8,"Cat Toy",182,3,"Cat",11,"Parrish","Mandy","606-033-1460","9641 Elm Street","Danville","KY","40422"
236,"2004-07-01","2004-07-03",233,0.47,39.3,,"","","","","","","",,8,"Cat Toy",182,3,"Cat",11,"Parrish","Mandy","606-033-1460","9641 Elm Street","Danville","KY","40422"
237,"2004-07-01","2004-07-03",292,0.78,39.3,,"","","","","","","",,8,"Cat Toy",182,3,"Cat",11,"Parrish","Mandy","606-033-1460","9641 Elm Street","Danville","KY","40422"
238,"2004-07-03","2004-09-18",1,3.32,38.64,117,"Wallace","Cat","Other","2004-08-09","Male","CFA","Brown",50,,"",,,"",3,"Murphy","Faye","402-477-9061","4218 Industrial Drive","Omaha","NE","68108"
239,"2004-07-03","2004-09-18",1,54.63,38.64,110,"Cathy","Bird","African Grey","2004-07-05","Female","","Gray/Red",192.77,,"",,,"",3,"Murphy","Faye","402-477-9061","4218 Industrial Drive","Omaha","NE","68108"
240,"2004-07-11","2004-07-15",1,75.97,53.88,34,"Rhonda","Dog","Maltipoos","2004-07-16","Female","AKC","Gray",199.49,,"",,,"",5,"Sims","Stephanie","615-048-9494","4696 Green Street","Smyrna","TN","37167"
241,"2004-07-11","2004-07-15",1,94.87,53.88,197,"","Spider","Tarantula","2004-06-10","Female","","Black",221.85,,"",,,"",5,"Sims","Stephanie","615-048-9494","4696 Green Street","Smyrna","TN","37167"
242,"2004-08-09","2004-08-15",4,134.73,42.25,,"","","","","","","",,17,"Cat Food-Can-Regular",7470,0.5,"Cat",14,"Harrison","Angela","606-121-7621","8558 N. Main Street","Fort Thomas","KY","41075"
243,"2004-08-09","2004-08-15",10,25.13,42.25,,"","","","","","","",,17,"Cat Food-Can-Regular",7470,0.5,"Cat",14,"Harrison","Angela","606-121-7621","8558 N. Main Street","Fort Thomas","KY","41075"
244,"2004-08-09","2004-08-15",359,6.17,42.25,,"","","","","","","",,17,"Cat Food-Can-Regular",7470,0.5,"Cat",14,"Harrison","Angela","606-121-7621","8558 N. Main Street","Fort Thomas","KY","41075"
245,"2004-08-09","2004-08-15",301,0.77,42.25,,"","","","","","","",,17,"Cat Food-Can-Regular",7470,0.5,"Cat",14,"Harrison","Angela","606-121-7621","8558 N. Main Street","Fort Thomas","KY","41075"
246,"2004-08-09","2004-08-15",94,21.41,42.25,,"","","","","","","",,17,"Cat Food-Can-Regular",7470,0.5,"Cat",14,"Harrison","Angela","606-121-7621","8558 N. Main Street","Fort Thomas","KY","41075"
247,"2004-08-09","2004-08-15",10,35.75,42.25,,"","","","","","","",,17,"Cat Food-Can-Regular",7470,0.5,"Cat",14,"Harrison","Angela","606-121-7621","8558 N. Main Street","Fort Thomas","KY","41075"
248,"2004-08-09","2004-08-15",17,19.01,42.25,,"","","","","","","",,17,"Cat Food-Can-Regular",7470,0.5,"Cat",14,"Harrison","Angela","606-121-7621","8558 N. Main Street","Fort Thomas","KY","41075"
249,"2004-08-11","2004-08-16",57,5.52,21.68,,"","","","","","","",,20,"Wood Shavings/Bedding",141,10,"Mammal",13,"Hughes","Natasha","615-798-8614","5610 Church Street","Cookeville","TN","38501"
250,"2004-08-11","2004-08-16",88,21.3,21.68,,"","","","","","","",,20,"Wood Shavings/Bedding",141,10,"Mammal",13,"Hughes","Natasha","615-798-8614","5610 Church Street","Cookeville","TN","38501"
251,"2004-08-18","",12,25.76,32.33,,"","","","","","","",,5,"Cat Bed-Small",36,25,"Cat",10,"Rhodes","Brad","308-466-7092","633 West Street","Kearney","NE","68847"
252,"2004-08-18","",16,7.07,32.33,,"","","","","","","",,5,"Cat Bed-Small",36,25,"Cat",10,"Rhodes","Brad","308-466-7092","633 West Street","Kearney","NE","68847"
253,"2004-08-19","",42,21.22,39.02,,"","","","","","","",,3,"Dog Kennel-Large",13,85,"Dog",15,"Osborne","Christine","615-245-8406","1565 Sunnyhill Trace","Lebanon","TN","37087"
254,"2004-08-19","",5,67.84,39.02,,"","","","","","","",,3,"Dog Kennel-Large",13,85,"Dog",15,"Osborne","Christine","615-245-8406","1565 Sunnyhill Trace","Lebanon","TN","37087"
255,"2004-08-19","",47,8.86,39.02,,"","","","","","","",,3,"Dog Kennel-Large",13,85,"Dog",15,"Osborne","Christine","615-245-8406","1565 Sunnyhill Trace","Lebanon","TN","37087"
256,"2004-08-31","2004-09-15",199,0.64,28.35,,"","","","","","","",,25,"Fish Food",113,3,"Fish",11,"Parrish","Mandy","606-033-1460","9641 Elm Street","Danville","KY","40422"
257,"2004-08-31","2004-09-15",35,1.99,28.35,,"","","","","","","",,25,"Fish Food",113,3,"Fish",11,"Parrish","Mandy","606-033-1460","9641 Elm Street","Danville","KY","40422"
258,"2004-09-19","",5,65.13,43.64,,"","","","","","","",,23,"Aquarium-25 gal",28,75,"Fish",13,"Hughes","Natasha","615-798-8614","5610 Church Street","Cookeville","TN","38501"
259,"2004-09-19","",30,4.69,43.64,,"","","","","","","",,23,"Aquarium-25 gal",28,75,"Fish",13,"Hughes","Natasha","615-798-8614","5610 Church Street","Cookeville","TN","38501"
260,"2004-09-19","",1711,0.42,43.64,,"","","","","","","",,23,"Aquarium-25 gal",28,75,"Fish",13,"Hughes","Natasha","615-798-8614","5610 Church Street","Cookeville","TN","38501"
261,"2004-09-30","",11,5.37,37.98,,"","","","","","","",,15,"Dog Food-Can-Regular",452,0.4,"Dog",10,"Rhodes","Brad","308-466-7092","633 West Street","Kearney","NE","68847"
262,"2004-09-30","",12,31.01,37.98,,"","","","","","","",,15,"Dog Food-Can-Regular",452,0.4,"Dog",10,"Rhodes","Brad","308-466-7092","633 West Street","Kearney","NE","68847"
263,"2004-09-30","",134,3.08,37.98,,"","","","","","","",,15,"Dog Food-Can-Regular",452,0.4,"Dog",10,"Rhodes","Brad","308-466-7092","633 West Street","Kearney","NE","68847"
264,"2004-10-06","",9,42.4,33.76,,"","","","","","","",,12,"Cat Food-Dry-5 pound",413,7,"Cat",13,"Hughes","Natasha","615-798-8614","5610 Church Street","Cookeville","TN","38501"
265,"2004-10-06","",7,45.18,33.76,,"","","","","","","",,12,"Cat Food-Dry-5 pound",413,7,"Cat",13,"Hughes","Natasha","615-798-8614","5610 Church Street","Cookeville","TN","38501"
266,"2004-10-06","",13,7.26,40.39,,"","","","","","","",,13,"Cat Food-Dry-10 pound",224,10,"Cat",12,"Love","David","606-282-6165","5745 Mud River Valley Road","Harrodsburg","KY","40330"
267,"2004-10-06","",452,0.27,40.39,,"","","","","","","",,13,"Cat Food-Dry-10 pound",224,10,"Cat",12,"Love","David","606-282-6165","5745 Mud River Valley Road","Harrodsburg","KY","40330"
268,"2004-10-06","",332,0.69,40.39,,"","","","","","","",,13,"Cat Food-Dry-10 pound",224,10,"Cat",12,"Love","David","606-282-6165","5745 Mud River Valley Road","Harrodsburg","KY","40330"
269,"2004-10-06","",185,0.59,33.76,,"","","","","","","",,12,"Cat Food-Dry-5 pound",413,7,"Cat",13,"Hughes","Natasha","615-798-8614","5610 Church Street","Cookeville","TN","38501"
270,"2004-10-06","",13,22.07,33.76,,"","","","","","","",,12,"Cat Food-Dry-5 pound",413,7,"Cat",13,"Hughes","Natasha","615-798-8614","5610 Church Street","Cookeville","TN","38501"
271,"2004-10-06","",88,21.98,40.39,,"","","","","","","",,13,"Cat Food-Dry-10 pound",224,10,"Cat",12,"Love","David","606-282-6165","5745 Mud River Valley Road","Harrodsburg","KY","40330"
272,"2004-10-06","",115,4.8,40.39,,"","","","","","","",,13,"Cat Food-Dry-10 pound",224,10,"Cat",12,"Love","David","606-282-6165","5745 Mud River Valley Road","Harrodsburg","KY","40330"
273,"2004-10-27","",75,8.56,18.69,,"","","","","","","",,24,"Aquarium-100 gal",11,150,"Fish",11,"Parrish","Mandy","606-033-1460","9641 Elm Street","Danville","KY","40422"
274,"2004-10-27","",20,13.44,18.69,,"","","","","","","",,24,"Aquarium-100 gal",11,150,"Fish",11,"Parrish","Mandy","606-033-1460","9641 Elm Street","Danville","KY","40422"
275,"2004-10-27","",11,22.67,18.69,,"","","","","","","",,24,"Aquarium-100 gal",11,150,"Fish",11,"Parrish","Mandy","606-033-1460","9641 Elm Street","Danville","KY","40422"
276,"2004-10-27","",97,2.27,18.69,,"","","","","","","",,24,"Aquarium-100 gal",11,150,"Fish",11,"Parrish","Mandy","606-033-1460","9641 Elm Street","Danville","KY","40422"
